-- MySQL dump 10.13  Distrib 8.0.19, for Win64 (x86_64)
--
-- Host: localhost    Database: sdperjawatan
-- ------------------------------------------------------
-- Server version	8.4.2

/*!40101 SET @OLD_CHARACTER_SET_CLIENT=@@CHARACTER_SET_CLIENT */;
/*!40101 SET @OLD_CHARACTER_SET_RESULTS=@@CHARACTER_SET_RESULTS */;
/*!40101 SET @OLD_COLLATION_CONNECTION=@@COLLATION_CONNECTION */;
/*!50503 SET NAMES utf8mb4 */;
/*!40103 SET @OLD_TIME_ZONE=@@TIME_ZONE */;
/*!40103 SET TIME_ZONE='+00:00' */;
/*!40014 SET @OLD_UNIQUE_CHECKS=@@UNIQUE_CHECKS, UNIQUE_CHECKS=0 */;
/*!40014 SET @OLD_FOREIGN_KEY_CHECKS=@@FOREIGN_KEY_CHECKS, FOREIGN_KEY_CHECKS=0 */;
/*!40101 SET @OLD_SQL_MODE=@@SQL_MODE, SQL_MODE='NO_AUTO_VALUE_ON_ZERO' */;
/*!40111 SET @OLD_SQL_NOTES=@@SQL_NOTES, SQL_NOTES=0 */;

--
-- Table structure for table `bahagians`
--

DROP TABLE IF EXISTS `bahagians`;
/*!40101 SET @saved_cs_client     = @@character_set_client */;
/*!50503 SET character_set_client = utf8mb4 */;
CREATE TABLE `bahagians` (
  `id` bigint unsigned NOT NULL AUTO_INCREMENT,
  `ptj_id` int NOT NULL,
  `nama_bahagian` varchar(255) COLLATE utf8mb4_unicode_ci NOT NULL,
  `created_at` timestamp NULL DEFAULT NULL,
  `updated_at` timestamp NULL DEFAULT NULL,
  `deleted_at` timestamp NULL DEFAULT NULL,
  PRIMARY KEY (`id`)
) ENGINE=InnoDB AUTO_INCREMENT=4 DEFAULT CHARSET=utf8mb4 COLLATE=utf8mb4_unicode_ci;
/*!40101 SET character_set_client = @saved_cs_client */;

--
-- Dumping data for table `bahagians`
--

LOCK TABLES `bahagians` WRITE;
/*!40000 ALTER TABLE `bahagians` DISABLE KEYS */;
INSERT INTO `bahagians` VALUES (2,13,'BAHAGIAN PENGURUSAN','2026-04-21 18:54:57','2026-04-21 18:54:57',NULL);
/*!40000 ALTER TABLE `bahagians` ENABLE KEYS */;
UNLOCK TABLES;

--
-- Table structure for table `cache`
--

DROP TABLE IF EXISTS `cache`;
/*!40101 SET @saved_cs_client     = @@character_set_client */;
/*!50503 SET character_set_client = utf8mb4 */;
CREATE TABLE `cache` (
  `key` varchar(255) COLLATE utf8mb4_unicode_ci NOT NULL,
  `value` mediumtext COLLATE utf8mb4_unicode_ci NOT NULL,
  `expiration` bigint NOT NULL,
  PRIMARY KEY (`key`),
  KEY `cache_expiration_index` (`expiration`)
) ENGINE=InnoDB DEFAULT CHARSET=utf8mb4 COLLATE=utf8mb4_unicode_ci;
/*!40101 SET character_set_client = @saved_cs_client */;

--
-- Dumping data for table `cache`
--

LOCK TABLES `cache` WRITE;
/*!40000 ALTER TABLE `cache` DISABLE KEYS */;
INSERT INTO `cache` VALUES ('laravel-cache-livewire-rate-limiter:16d36dff9abd246c67dfac3e63b993a169af77e6','i:1;',1776815387),('laravel-cache-livewire-rate-limiter:16d36dff9abd246c67dfac3e63b993a169af77e6:timer','i:1776815387;',1776815387);
/*!40000 ALTER TABLE `cache` ENABLE KEYS */;
UNLOCK TABLES;

--
-- Table structure for table `cache_locks`
--

DROP TABLE IF EXISTS `cache_locks`;
/*!40101 SET @saved_cs_client     = @@character_set_client */;
/*!50503 SET character_set_client = utf8mb4 */;
CREATE TABLE `cache_locks` (
  `key` varchar(255) COLLATE utf8mb4_unicode_ci NOT NULL,
  `owner` varchar(255) COLLATE utf8mb4_unicode_ci NOT NULL,
  `expiration` bigint NOT NULL,
  PRIMARY KEY (`key`),
  KEY `cache_locks_expiration_index` (`expiration`)
) ENGINE=InnoDB DEFAULT CHARSET=utf8mb4 COLLATE=utf8mb4_unicode_ci;
/*!40101 SET character_set_client = @saved_cs_client */;

--
-- Dumping data for table `cache_locks`
--

LOCK TABLES `cache_locks` WRITE;
/*!40000 ALTER TABLE `cache_locks` DISABLE KEYS */;
/*!40000 ALTER TABLE `cache_locks` ENABLE KEYS */;
UNLOCK TABLES;

--
-- Table structure for table `duns`
--

DROP TABLE IF EXISTS `duns`;
/*!40101 SET @saved_cs_client     = @@character_set_client */;
/*!50503 SET character_set_client = utf8mb4 */;
CREATE TABLE `duns` (
  `id` bigint unsigned NOT NULL AUTO_INCREMENT,
  `parlimen_id` int NOT NULL,
  `nama_dun` varchar(255) COLLATE utf8mb4_unicode_ci NOT NULL,
  `created_at` timestamp NULL DEFAULT NULL,
  `updated_at` timestamp NULL DEFAULT NULL,
  PRIMARY KEY (`id`)
) ENGINE=InnoDB AUTO_INCREMENT=4 DEFAULT CHARSET=utf8mb4 COLLATE=utf8mb4_unicode_ci;
/*!40101 SET character_set_client = @saved_cs_client */;

--
-- Dumping data for table `duns`
--

LOCK TABLES `duns` WRITE;
/*!40000 ALTER TABLE `duns` DISABLE KEYS */;
INSERT INTO `duns` VALUES (1,1,'KUAH','2026-04-21 20:27:02','2026-04-21 20:27:02'),(2,1,'AYER HANGAT','2026-04-21 20:27:02','2026-04-21 20:27:02');
/*!40000 ALTER TABLE `duns` ENABLE KEYS */;
UNLOCK TABLES;

--
-- Table structure for table `failed_jobs`
--

DROP TABLE IF EXISTS `failed_jobs`;
/*!40101 SET @saved_cs_client     = @@character_set_client */;
/*!50503 SET character_set_client = utf8mb4 */;
CREATE TABLE `failed_jobs` (
  `id` bigint unsigned NOT NULL AUTO_INCREMENT,
  `uuid` varchar(255) COLLATE utf8mb4_unicode_ci NOT NULL,
  `connection` text COLLATE utf8mb4_unicode_ci NOT NULL,
  `queue` text COLLATE utf8mb4_unicode_ci NOT NULL,
  `payload` longtext COLLATE utf8mb4_unicode_ci NOT NULL,
  `exception` longtext COLLATE utf8mb4_unicode_ci NOT NULL,
  `failed_at` timestamp NOT NULL DEFAULT CURRENT_TIMESTAMP,
  PRIMARY KEY (`id`),
  UNIQUE KEY `failed_jobs_uuid_unique` (`uuid`)
) ENGINE=InnoDB DEFAULT CHARSET=utf8mb4 COLLATE=utf8mb4_unicode_ci;
/*!40101 SET character_set_client = @saved_cs_client */;

--
-- Dumping data for table `failed_jobs`
--

LOCK TABLES `failed_jobs` WRITE;
/*!40000 ALTER TABLE `failed_jobs` DISABLE KEYS */;
/*!40000 ALTER TABLE `failed_jobs` ENABLE KEYS */;
UNLOCK TABLES;

--
-- Table structure for table `greds`
--

DROP TABLE IF EXISTS `greds`;
/*!40101 SET @saved_cs_client     = @@character_set_client */;
/*!50503 SET character_set_client = utf8mb4 */;
CREATE TABLE `greds` (
  `id` bigint unsigned NOT NULL AUTO_INCREMENT,
  `kod_gred` varchar(255) COLLATE utf8mb4_unicode_ci NOT NULL,
  `desc_gred` varchar(255) COLLATE utf8mb4_unicode_ci NOT NULL,
  `created_at` timestamp NULL DEFAULT NULL,
  `updated_at` timestamp NULL DEFAULT NULL,
  PRIMARY KEY (`id`)
) ENGINE=InnoDB AUTO_INCREMENT=163 DEFAULT CHARSET=utf8mb4 COLLATE=utf8mb4_unicode_ci;
/*!40101 SET character_set_client = @saved_cs_client */;

--
-- Dumping data for table `greds`
--

LOCK TABLES `greds` WRITE;
/*!40000 ALTER TABLE `greds` DISABLE KEYS */;
INSERT INTO `greds` VALUES (1,'C9','C41','2025-03-24 09:56:45','2025-03-26 09:49:19'),(2,'C10','C44','2025-03-24 10:11:54','2025-03-26 09:49:34'),(3,'C12','C48','2025-03-24 10:12:13','2025-03-26 09:49:44'),(4,'C13','C52','2025-03-24 10:12:25','2025-03-26 09:49:58'),(5,'C14','C54','2025-03-24 10:12:38','2025-03-26 09:50:29'),(6,'F9','F41','2025-03-24 10:13:06','2025-03-26 09:51:06'),(7,'F10','F44','2025-03-24 10:13:19','2025-03-26 09:51:14'),(8,'F12','F48','2025-03-24 10:16:48','2025-03-26 09:51:22'),(9,'F13','F52','2025-03-24 10:17:04','2025-03-26 09:51:36'),(10,'F14','F54','2025-03-24 10:17:16','2025-03-26 09:51:46'),(11,'J9','J41','2025-03-24 10:17:32','2025-03-26 09:51:53'),(12,'J10','J44','2025-03-24 10:17:41','2025-03-26 09:52:02'),(13,'J12','J48','2025-03-24 10:18:03','2025-03-26 09:52:10'),(14,'J13','J52','2025-03-24 10:18:20','2025-03-26 09:52:19'),(15,'J14','J54','2025-03-24 10:18:33','2025-03-26 09:52:27'),(16,'M9','M41','2025-04-12 14:58:49','2025-04-12 14:58:49'),(17,'M10','M44','2025-04-12 14:59:05','2025-04-12 14:59:05'),(18,'M12','M48','2025-04-12 14:59:51','2025-04-12 14:59:51'),(19,'M13','M52','2025-04-12 15:00:04','2025-04-12 15:00:04'),(20,'M14','M54','2025-04-12 15:00:19','2025-04-12 15:00:19'),(21,'N9','N41','2025-04-13 10:59:54','2025-04-13 10:59:54'),(22,'N10','N44','2025-04-13 11:00:04','2025-04-13 11:00:04'),(23,'N12','N48','2025-04-13 11:00:15','2025-04-13 11:00:15'),(24,'N13','N52','2025-04-13 11:00:29','2025-04-13 11:00:29'),(25,'N14','N54','2025-04-13 11:00:40','2025-04-13 11:00:40'),(26,'S9','S41','2025-04-13 11:01:15','2025-04-13 11:01:15'),(27,'S10','S44','2025-04-13 11:01:32','2025-04-13 11:01:32'),(28,'S12','S48','2025-04-13 11:01:41','2025-04-13 11:01:41'),(29,'S13','S52','2025-04-13 11:02:02','2025-04-13 11:02:02'),(30,'S14','S54','2025-04-13 11:02:14','2025-04-13 11:02:14'),(31,'U9','U41','2025-04-13 11:02:26','2025-04-13 11:02:26'),(32,'U10','U44','2025-04-13 11:02:36','2025-04-13 11:02:36'),(33,'U12','U48','2025-04-13 11:02:45','2025-04-13 11:02:45'),(34,'U13','U52','2025-04-13 11:02:58','2025-04-13 11:02:58'),(35,'U14','U54','2025-04-13 11:03:07','2025-04-13 11:03:07'),(36,'UD9','UD41','2025-04-13 11:03:34','2025-04-13 11:03:34'),(37,'UD10','UD43/44','2025-04-13 11:04:01','2025-04-13 11:04:01'),(38,'UD12','UD47/48','2025-04-13 11:04:19','2025-04-13 11:04:19'),(39,'UD13','UD51/52','2025-04-13 11:04:43','2025-04-13 11:04:43'),(40,'UD14','UD53/54','2025-04-13 11:04:58','2025-04-13 11:04:58'),(41,'UD15','PAKAR UD55/56','2025-04-13 11:05:27','2026-02-10 23:26:07'),(42,'UF9','UF41','2025-04-13 11:45:26','2025-04-13 11:45:26'),(43,'UF10','UF44','2025-04-13 11:45:36','2025-04-13 11:45:36'),(44,'UF12','UF48','2025-04-13 11:45:46','2025-04-13 11:45:46'),(45,'UF13','UF52','2025-04-13 11:45:56','2025-04-13 11:45:56'),(46,'UF14','UF54','2025-04-13 11:46:11','2025-04-13 11:46:11'),(47,'UG9','UG41','2025-04-13 11:46:25','2025-04-13 11:46:25'),(48,'UG10','UG44','2025-04-13 11:46:36','2025-04-13 11:46:36'),(49,'UG12','UG48','2025-04-13 11:46:46','2025-04-13 11:46:46'),(50,'UG13','UG52','2025-04-13 11:46:55','2025-04-13 11:46:55'),(51,'UG14','UG54','2025-04-13 11:47:14','2025-04-13 11:47:14'),(52,'UG15','PAKAR UG56','2025-04-13 11:47:33','2026-02-10 23:26:18'),(53,'WA9','WA41','2025-04-13 11:47:52','2025-04-13 11:49:14'),(54,'WA10','WA44','2025-04-13 11:48:01','2025-04-13 11:49:06'),(55,'WA12','WA48','2025-04-13 11:48:14','2025-04-13 11:49:00'),(56,'C5','C29','2025-04-19 12:22:28','2025-04-19 12:22:28'),(57,'C6','C32','2025-04-19 12:22:38','2025-04-19 12:22:38'),(58,'C7','C38','2025-04-19 12:22:48','2025-04-19 12:22:48'),(59,'C8','C40','2025-04-19 12:23:13','2025-04-19 12:23:13'),(60,'FA5','FA29','2025-04-19 12:24:21','2025-04-19 12:24:21'),(61,'FA6','FA32','2025-04-19 12:24:33','2025-04-19 12:24:33'),(62,'FA7','FA38','2025-04-19 12:24:43','2025-04-19 12:24:43'),(63,'FA8','FA40','2025-04-19 14:43:14','2025-04-19 14:43:14'),(64,'KP5','KP29','2025-04-19 14:43:56','2025-04-19 14:43:56'),(65,'KP6','KP32','2025-04-19 14:44:09','2025-04-19 14:44:09'),(66,'KP7','KP38','2025-04-19 14:44:21','2025-04-19 14:44:21'),(67,'KP8','KP40','2025-04-19 14:44:32','2025-04-19 14:44:32'),(68,'N5','N29','2025-04-19 14:44:59','2025-04-19 14:44:59'),(69,'N6','N32','2025-04-19 14:45:33','2025-04-19 14:45:33'),(70,'N7','N36','2025-04-19 14:45:47','2025-04-19 14:45:47'),(71,'N8','N40','2025-04-19 14:46:01','2025-04-19 14:46:01'),(72,'S5','S29','2025-04-19 14:46:21','2025-04-19 14:46:21'),(73,'S6','S32','2025-04-19 14:46:32','2025-04-19 14:46:32'),(74,'S7','S38','2025-04-19 14:46:48','2025-04-19 14:46:48'),(75,'S8','S40','2025-04-19 14:46:57','2025-04-19 14:46:57'),(76,'U5','U29','2025-04-19 14:47:24','2025-04-19 14:47:24'),(77,'U6','U32','2025-04-19 14:47:35','2025-04-19 14:47:35'),(78,'U7','U36/U38','2025-04-19 14:48:09','2025-04-19 14:48:09'),(79,'U8','U40','2025-04-19 14:48:22','2025-04-19 14:48:22'),(80,'W5','W29','2025-04-19 14:48:56','2025-04-19 14:48:56'),(81,'W6','W32','2025-04-19 14:49:13','2025-04-19 14:49:13'),(82,'W7','W38','2025-04-19 14:49:26','2025-04-19 14:49:26'),(83,'W8','W40','2025-04-19 14:49:40','2025-04-19 14:49:40'),(84,'N1','N1','2025-05-17 20:27:45','2025-05-17 20:27:45'),(85,'N2','N2','2025-05-17 20:27:54','2025-05-17 20:27:54'),(86,'N3','N3','2025-05-17 20:28:02','2025-05-17 20:28:02'),(87,'N4','N4','2025-05-17 20:28:11','2025-05-17 20:28:11'),(88,'W1','W19','2025-05-17 20:55:26','2025-05-18 17:08:50'),(89,'W2','W22','2025-05-17 20:55:35','2025-05-18 17:09:02'),(90,'A1','A19','2025-05-18 00:56:19','2025-05-18 00:56:19'),(91,'A2','A22','2025-05-18 00:56:29','2025-05-18 00:56:29'),(92,'A3','A26','2025-05-18 00:56:42','2025-05-18 00:56:53'),(93,'A4','A28','2025-05-18 00:57:05','2025-05-18 00:57:05'),(94,'B1','B19','2025-05-18 00:57:42','2025-05-18 00:57:42'),(95,'B2','B21/B22','2025-05-18 00:57:59','2025-05-18 00:57:59'),(96,'B3','B25/26','2025-05-18 00:58:15','2025-05-18 00:58:15'),(97,'B5','B29/30','2025-05-18 00:58:36','2025-05-18 00:58:36'),(98,'B6','B31/32','2025-05-18 00:58:50','2025-05-18 00:58:50'),(99,'B7','B37/38','2025-05-18 00:59:05','2025-05-18 00:59:05'),(100,'B9','B41/42','2025-05-18 00:59:21','2025-05-18 00:59:21'),(101,'B10','B43/44','2025-05-18 00:59:35','2025-05-18 00:59:35'),(102,'B12','B47/48','2025-05-18 00:59:50','2025-05-18 00:59:50'),(103,'B13','B51/52','2025-05-18 01:00:07','2025-05-18 01:00:07'),(104,'B14','B53/54','2025-05-18 01:00:22','2025-05-18 01:00:22'),(105,'FT1','FT19','2025-05-18 16:49:25','2025-08-24 18:34:55'),(106,'FT2','FT22','2025-05-18 16:49:38','2025-06-14 21:08:33'),(107,'FT3','FT26','2025-05-18 16:49:50','2025-08-24 18:35:10'),(108,'FT4','FT28','2025-05-18 16:50:03','2025-08-24 18:35:23'),(109,'H1','H19','2025-05-18 16:50:27','2025-05-18 16:50:27'),(110,'H2','H22','2025-05-18 16:50:37','2025-05-18 16:50:37'),(111,'H3','H26','2025-05-18 16:50:47','2025-05-18 16:50:47'),(112,'H4','H28','2025-05-18 16:50:57','2025-05-18 16:50:57'),(113,'H11','H11','2025-05-18 16:51:33','2025-05-18 16:51:33'),(114,'H14','H14','2025-05-18 16:51:46','2025-05-18 16:51:46'),(115,'H16','H16','2025-05-18 16:51:57','2025-05-18 16:51:57'),(116,'H18','H18','2025-05-18 16:52:06','2025-05-18 16:52:06'),(117,'JA1','JA19','2025-05-18 16:52:38','2025-05-18 16:52:38'),(118,'JA2','JA2','2025-05-18 16:52:49','2025-05-18 16:52:49'),(119,'JA3','JA26','2025-05-18 16:53:03','2025-05-18 16:53:03'),(120,'JA5','JA29/30','2025-05-18 16:53:23','2025-05-18 16:53:23'),(121,'JA6','JA36','2025-05-18 16:53:35','2025-05-18 16:53:35'),(122,'JA7','JA38','2025-05-18 16:53:45','2025-05-18 16:53:45'),(123,'JA8','JA40','2025-05-18 16:53:58','2025-05-18 16:53:58'),(124,'KP1','KP19','2025-05-18 16:54:21','2025-05-18 16:54:21'),(125,'KP2','KP22','2025-05-18 16:54:34','2025-05-18 16:54:34'),(126,'KP3','KP26','2025-05-18 16:54:47','2025-05-18 16:54:47'),(127,'KP4','KP28','2025-05-18 16:55:02','2025-05-18 16:55:02'),(128,'KP11','KP11','2025-05-18 16:55:21','2025-05-18 16:55:21'),(129,'KP14','KP14','2025-05-18 16:55:33','2025-05-18 16:55:33'),(130,'KP16','KP16','2025-05-18 16:55:44','2025-05-18 16:55:44'),(131,'KP18','KP18','2025-05-18 16:55:55','2025-05-18 16:55:55'),(132,'S1','S19','2025-05-18 17:04:20','2025-05-18 17:04:20'),(133,'S2','S22','2025-05-18 17:04:29','2025-05-18 17:04:29'),(134,'S3','S26','2025-05-18 17:04:40','2025-05-18 17:04:40'),(135,'S4','S28','2025-05-18 17:04:50','2025-05-18 17:04:50'),(136,'U1','U19','2025-05-18 17:06:24','2025-05-18 17:06:24'),(137,'U2','U24','2025-05-18 17:06:39','2025-05-18 17:06:39'),(138,'U3','U26','2025-05-18 17:06:55','2025-05-18 17:06:55'),(139,'U4','U28','2025-05-18 17:07:05','2025-05-18 17:07:05'),(140,'WA13','WA51/52','2025-05-18 17:07:55','2025-05-18 17:07:55'),(141,'WA14','WA53/54','2025-05-18 17:08:12','2025-05-18 17:08:12'),(142,'W3','W26','2025-05-18 19:04:40','2025-05-18 19:04:40'),(143,'W4','W28','2025-05-18 19:05:12','2025-05-18 19:05:12'),(144,'JUSA A','JUSA A','2025-05-18 22:29:04','2025-05-18 22:29:04'),(145,'JUSA B','JUSA B','2025-05-18 22:29:16','2025-05-18 22:29:16'),(146,'JUSA C','JUSA C','2025-05-18 22:29:28','2025-05-18 22:29:28'),(147,'GRED KHAS A','GRED KHAS A','2025-05-18 22:29:39','2025-05-18 22:29:39'),(148,'GRED KHAS B','GRED KHAS B','2025-05-18 22:29:51','2025-05-18 22:29:51'),(150,'GRED KHAS C','GRED KHAS C','2025-05-18 22:30:12','2025-05-18 22:30:12'),(151,'U32','U32','2025-07-08 00:59:06','2025-07-08 00:59:06'),(152,'U44','U44','2025-07-08 00:59:17','2025-07-08 00:59:17'),(153,'UD54','UD54','2025-07-08 00:59:37','2025-07-08 00:59:37'),(154,'UD52','UD52','2025-07-08 00:59:48','2025-07-08 00:59:48'),(155,'U11','U11','2025-07-08 01:00:10','2025-07-08 01:00:10'),(156,'U29','U29','2025-07-08 01:00:21','2025-07-08 01:00:21'),(158,'UD48','UD48','2025-07-08 01:00:55','2025-07-08 01:01:18'),(159,'UF54','UF54','2025-07-08 01:01:30','2025-07-08 01:01:49'),(160,'UD56','UD56','2025-07-08 01:02:03','2025-07-08 01:02:03'),(161,'N11','N11','2025-08-03 17:11:58','2025-08-03 17:11:58'),(162,'1','1','2026-04-21 16:12:57','2026-04-21 16:12:57');
/*!40000 ALTER TABLE `greds` ENABLE KEYS */;
UNLOCK TABLES;

--
-- Table structure for table `jawatan__greds`
--

DROP TABLE IF EXISTS `jawatan__greds`;
/*!40101 SET @saved_cs_client     = @@character_set_client */;
/*!50503 SET character_set_client = utf8mb4 */;
CREATE TABLE `jawatan__greds` (
  `id` bigint unsigned NOT NULL AUTO_INCREMENT,
  `jawatan_id` int NOT NULL,
  `gred_id` int NOT NULL,
  `created_at` timestamp NULL DEFAULT NULL,
  `updated_at` timestamp NULL DEFAULT NULL,
  PRIMARY KEY (`id`)
) ENGINE=InnoDB AUTO_INCREMENT=7 DEFAULT CHARSET=utf8mb4 COLLATE=utf8mb4_unicode_ci;
/*!40101 SET character_set_client = @saved_cs_client */;

--
-- Dumping data for table `jawatan__greds`
--

LOCK TABLES `jawatan__greds` WRITE;
/*!40000 ALTER TABLE `jawatan__greds` DISABLE KEYS */;
INSERT INTO `jawatan__greds` VALUES (1,3,7,'2026-04-21 16:44:20','2026-04-21 16:44:20'),(2,3,6,'2026-04-21 17:08:55','2026-04-21 17:08:55'),(3,2,2,NULL,NULL),(4,2,3,NULL,NULL),(5,2,5,NULL,NULL),(6,2,57,NULL,NULL);
/*!40000 ALTER TABLE `jawatan__greds` ENABLE KEYS */;
UNLOCK TABLES;

--
-- Table structure for table `jawatans`
--

DROP TABLE IF EXISTS `jawatans`;
/*!40101 SET @saved_cs_client     = @@character_set_client */;
/*!50503 SET character_set_client = utf8mb4 */;
CREATE TABLE `jawatans` (
  `id` bigint unsigned NOT NULL AUTO_INCREMENT,
  `kod_jawatan` varchar(255) COLLATE utf8mb4_unicode_ci NOT NULL,
  `desc_jawatan` varchar(255) COLLATE utf8mb4_unicode_ci NOT NULL,
  `created_at` timestamp NULL DEFAULT NULL,
  `updated_at` timestamp NULL DEFAULT NULL,
  PRIMARY KEY (`id`)
) ENGINE=InnoDB AUTO_INCREMENT=130 DEFAULT CHARSET=utf8mb4 COLLATE=utf8mb4_unicode_ci;
/*!40101 SET character_set_client = @saved_cs_client */;

--
-- Dumping data for table `jawatans`
--

LOCK TABLES `jawatans` WRITE;
/*!40000 ALTER TABLE `jawatans` DISABLE KEYS */;
INSERT INTO `jawatans` VALUES (1,'C','PEGAWAI PENYEDIAAN MAKANAN','2025-03-24 09:56:18','2025-03-24 09:56:18'),(2,'C','PEGAWAI SAINS','2025-03-24 09:56:30','2025-03-24 09:56:30'),(3,'F','PEGAWAI TEKNOLOGI MAKLUMAT','2025-03-26 09:53:27','2025-03-26 09:53:27'),(4,'J','JURUTERA','2025-03-26 09:54:04','2025-03-26 09:54:04'),(5,'C','PEGAWAI TEKNOLOGI MAKANAN','2025-04-07 15:06:14','2025-04-07 15:06:14'),(6,'M','PEGAWAI TADBIR DAN DIPLOMATIK','2025-04-07 15:12:34','2025-04-07 15:12:34'),(7,'N','PEGAWAI TADBIR','2025-04-07 15:12:52','2025-04-07 15:12:52'),(8,'S','PEGAWAI HAL EHWAL ISLAM','2025-04-07 15:13:51','2025-04-07 15:13:51'),(9,'S','PEGAWAI PENERANGAN','2025-04-07 15:14:04','2025-04-07 15:14:04'),(10,'S','PEGAWAI PSIKOLOGI','2025-04-07 15:14:18','2025-04-07 15:14:18'),(11,'U','PEGAWAI DIETETIK','2025-04-07 15:14:45','2025-04-07 15:14:45'),(12,'U','PEGAWAI OPTOMETRI','2025-04-07 15:14:58','2025-04-07 15:14:58'),(13,'U','PEGAWAI PEMULIHAN PERUBATAN (CARAKERJA)','2025-04-07 15:15:23','2025-05-18 01:13:16'),(14,'UD','PEGAWAI PERUBATAN','2025-04-07 15:16:32','2025-04-07 15:16:32'),(15,'UF','PEGAWAI FARMASI','2025-04-07 15:16:55','2025-04-07 15:16:55'),(16,'UG','PEGAWAI PERGIGIAN','2025-04-07 15:17:11','2025-04-07 15:17:11'),(17,'W','AKAUNTAN','2025-04-07 15:21:25','2025-04-07 15:21:25'),(18,'C','PENOLONG PEGAWAI ALAM SEKITAR','2025-04-07 16:42:05','2025-04-07 16:42:05'),(19,'C','PENOLONG PEGAWAI PENYEDIAAN MAKANAN','2025-04-07 16:42:30','2025-04-07 16:42:30'),(20,'C','PENOLONG PEGAWAI SAINS','2025-04-07 16:42:45','2025-04-07 16:42:45'),(22,'F','PENOLONG PEGAWAI TEKNOLOGI MAKLUMAT','2025-04-07 16:44:02','2025-04-07 16:44:02'),(23,'C','PENOLONG PEGAWAI TEKNOLOGI MAKANAN','2025-04-07 16:44:32','2025-04-07 16:44:32'),(24,'N','PENOLONG PEGAWAI TADBIR','2025-04-12 14:40:47','2025-04-12 14:40:47'),(25,'S','PENOLONG PEGAWAI HAL EHWAL ISLAM','2025-04-12 14:43:22','2025-04-12 14:45:22'),(26,'S','PENOLONG PEGAWAI PENERANGAN','2025-04-12 14:44:12','2025-04-12 14:45:17'),(27,'K','PENOLONG PEGAWAI KESELAMATAN','2025-04-12 14:44:37','2025-04-12 14:44:37'),(28,'S','PENOLONG PEGAWAI PSIKOLOGI','2025-04-12 14:45:35','2025-04-12 14:45:35'),(29,'S','PENOLONG PUSTAKAWAN','2025-04-12 14:45:51','2025-04-12 14:45:51'),(30,'U','JURUPULIH PERUBATAN (CARAKERJA)','2025-04-12 14:46:12','2025-05-18 01:14:47'),(31,'U','JURUTEKNOLOGI MAKMAL PERUBATAN','2025-04-12 14:46:30','2025-04-12 14:46:30'),(32,'U','JURUTEKNOLOGI PERGIGIAN','2025-04-12 14:46:44','2025-04-12 14:46:44'),(33,'U','JURUTERAPI PERGIGIAN','2025-04-12 14:47:00','2025-04-12 14:47:00'),(34,'U','PENOLONG PEGAWAI FARMASI','2025-04-12 14:47:13','2025-04-12 14:47:13'),(35,'W','PENOLONG AKAUNTAN','2025-04-12 14:47:28','2025-04-12 14:47:28'),(36,'C','PEMBANTU MAKMAL','2025-04-12 14:48:18','2025-04-12 14:48:18'),(37,'F','JURUTEKNIK KOMPUTER','2025-04-12 14:48:40','2025-05-17 20:25:43'),(38,'N','PEMBANTU PENYEDIAAN MAKANAN','2025-04-12 14:49:57','2025-04-12 14:49:57'),(39,'N','PEMBANTU TADBIR (PERKERANIAN/OPERASI)','2025-04-12 14:50:20','2025-05-17 20:40:00'),(40,'U','JURURAWAT MASYARAKAT','2025-04-12 14:50:54','2025-04-12 14:50:54'),(41,'U','JURUTEKNIK PERUBATAN','2025-04-12 14:51:08','2025-04-12 14:51:08'),(42,'U','PEMBANTU KESIHATAN AWAM','2025-04-12 14:51:22','2025-04-12 14:51:22'),(43,'U','PEMBANTU PEMBEDAHAN PERGIGIAN','2025-04-12 14:51:37','2025-04-12 14:51:37'),(44,'U','PEMBANTU PERAWATAN KESIHATAN','2025-04-12 14:51:52','2025-04-12 14:51:52'),(45,'W','PEMBANTU TADBIR (KEWANGAN)','2025-04-12 14:52:13','2025-04-12 14:52:13'),(46,'U','JURURAWAT','2025-05-17 20:25:15','2025-05-17 20:25:15'),(47,'U','PENOLONG PEGAWAI PERUBATAN','2025-05-17 20:25:28','2025-05-17 20:25:28'),(48,'J','PELUKIS PELAN (KEJURUTERAAN AWAM)/PENOLONG JURUTERA','2025-05-17 20:26:15','2025-05-18 01:05:33'),(49,'K','PEMBANTU KESELAMATAN','2025-05-17 20:26:34','2025-05-17 20:26:34'),(51,'C','PEGAWAI SAINS (MIKROBIOLOGI)','2025-05-17 20:37:05','2025-05-18 01:01:34'),(52,'UG','PEGAWAI PERGIGIAN (PAKAR ORTHODONTIK)','2025-05-17 20:57:14','2025-05-18 19:09:07'),(53,'UG','PEGAWAI PERGIGIAN (PAKAR PAEDODONTIK)','2025-05-17 20:57:32','2025-05-18 19:09:29'),(54,'UG','PEGAWAI PERGIGIAN (PAKAR BEDAH MULUT)','2025-05-17 20:57:49','2025-05-18 19:10:01'),(55,'UG','PEGAWAI PERGIGIAN (PAKAR PERUBATAN DAN PATOLOGI)','2025-05-17 20:58:07','2025-05-18 19:10:14'),(56,'UG','PEGAWAI PERGIGIAN (PAKAR RESTORATIF)','2025-05-17 20:58:25','2025-05-18 19:10:27'),(57,'UG','PEGAWAI PERGIGIAN (PAKAR PERIODONTIK)','2025-05-17 20:58:42','2025-05-18 19:10:39'),(58,'UG','PEGAWAI PERGIGIAN (PAKAR KESIHATAN AWAM)','2025-05-17 20:59:01','2025-05-18 19:10:54'),(59,'A','PEMBANTU LAUT','2025-05-18 00:56:01','2025-05-18 00:56:01'),(60,'B','PEREKA','2025-05-18 01:00:41','2025-05-18 01:00:41'),(61,'C','PEGAWAI SAINS (KIMIA HAYAT)','2025-05-18 01:01:49','2025-05-18 01:01:49'),(62,'C','PEGAWAI SAINS (FIZIK)','2025-05-18 01:02:02','2025-05-18 01:02:02'),(63,'C','PEGAWAI SAINS (MAKANAN)','2025-05-18 01:02:13','2025-05-18 01:02:13'),(64,'H','PEMBANTU KEMAHIRAN','2025-05-18 01:03:17','2025-05-18 01:03:17'),(65,'H','PEMANDU KENDERAAN','2025-05-18 01:04:10','2025-05-18 01:04:10'),(66,'H','PEMBANTU AWAM','2025-05-18 01:04:24','2025-05-18 01:04:24'),(67,'H','PEMBANTU KHIDMAT AM','2025-05-18 01:04:45','2025-05-18 01:04:45'),(68,'K','PENGAWAL KESELAMATAN','2025-05-18 01:06:10','2025-05-18 01:06:10'),(69,'N','JURUAUDIO VISUAL','2025-05-18 01:06:55','2025-05-18 01:06:55'),(70,'N','PENYELIA ASRAMA','2025-05-18 01:07:48','2025-05-18 01:07:48'),(71,'N','PEGAWAI KHIDMAT PELANGGAN','2025-05-18 01:08:07','2025-05-18 01:08:07'),(72,'N','PEMBANTU SETIAUSAHA PEJABAT/SETIAUSAHA PEJABAT','2025-05-18 01:08:42','2025-05-18 01:08:42'),(73,'N','PEMBANTU OPERASI','2025-05-18 01:09:45','2025-05-18 01:09:45'),(74,'S','PEGAWAI PEMBANGUNAN MASYARAKAT','2025-05-18 01:11:07','2025-05-18 01:11:07'),(75,'S','PEMBANTU PUSTAKAWAN','2025-05-18 01:12:30','2025-05-18 01:12:30'),(76,'U','PEGAWAI PEMULIHAN PERUBATAN (FISIOTERAPI)','2025-05-18 01:13:43','2025-05-18 01:13:43'),(77,'U','JURUPULIH PERUBATAN (FISIOTERAPI)','2025-05-18 01:15:04','2025-05-18 01:15:04'),(78,'U','JURU X-RAY','2025-05-18 01:15:45','2025-05-18 01:15:45'),(79,'U','PEGAWAI KESIHATAN PERSEKITARAN','2025-05-18 16:44:33','2025-05-18 16:44:33'),(80,'U','PENOLONG PEGAWAI KESIHATAN PERSEKITARAN','2025-05-18 16:44:57','2025-05-18 16:44:57'),(81,'U','PENOLONG PEGAWAI PERUBATAN','2025-05-18 16:45:34','2025-05-18 16:45:34'),(82,'U','PEMBANTU PERAWATAN KESIHATAN','2025-05-18 16:46:52','2025-05-18 16:46:52'),(83,'W','PEMBANTU AKAUNTAN','2025-05-18 16:47:18','2025-05-18 16:47:18'),(84,'U','PENOLONG JURURAWAT','2025-05-19 17:44:32','2025-05-19 17:44:32'),(85,'UD','PEGAWAI PERUBATAN (PAKAR PERUBATAN KESIHATAN AWAM)','2025-05-19 17:44:54','2025-08-24 18:46:12'),(86,'UD','PEGAWAI PERUBATAN (PAKAR KESIHATAN KELUARGA)','2025-05-19 17:45:20','2025-08-24 18:46:28'),(88,'U','PEGAWAI PERUBATAN (PAKAR ANESTESIOLOGI)','2025-05-19 17:48:29','2025-05-19 17:48:29'),(89,'U','PEGAWAI PERUBATAN (PAKAR KECEMASAN & TRAUMA)','2025-05-19 17:48:54','2025-05-19 17:48:54'),(90,'U','PEGAWAI PERUBATAN (PAKAR OBSTETRIK &GINEKOLOGI)','2025-05-19 17:50:36','2025-05-19 17:53:00'),(91,'U','PEGAWAI PERUBATAN (PAKAR OFTALMOLOGI)','2025-05-19 17:51:05','2025-05-19 17:51:05'),(92,'U','PEGAWAI PERUBATAN (PAKAR OTORINOLARINGOLOGI)','2025-05-19 17:52:25','2025-05-19 17:52:25'),(93,'U','PEGAWAI PERUBATAN (PAKAR ORTOPEDIK)','2025-05-19 17:53:42','2025-05-19 17:53:42'),(94,'U','PEGAWAI PERUBATAN (PAKAR PATOLOGI MIKROBIOLOGI)','2025-05-19 17:54:25','2025-05-19 17:54:25'),(95,'U','PEGAWAI PERUBATAN (PAKAR PATOLOGI HISPATOLOGI)','2025-05-19 17:55:11','2025-05-19 17:55:11'),(96,'U','PEGAWAI PERUBATAN ( PAKAR PATOLOGI HEMATOLOGI )','2025-05-19 17:55:41','2025-05-19 17:55:41'),(97,'U','PEGAWAI PERUBATAN (PAKAR PATOLOGI KIMIA)','2025-05-19 17:56:18','2025-05-19 17:56:18'),(98,'U','PEGAWAI PERUBATAN (PAKAR PATOLOGI ANATOMIK)','2025-05-19 17:56:58','2025-05-19 17:56:58'),(99,'U','PEGAWAI PERUBATAN (PAKAR TRANSFUSI)','2025-05-19 17:57:31','2025-05-19 17:57:31'),(100,'U','PEGAWAI PERUBATAN (PAKAR PEDIATRIK)','2025-05-19 17:57:58','2025-05-19 17:57:58'),(101,'U','PEGAWAI PERUBATAN (PAKAR PERUBATAN BEDAH UMUM)','2025-05-19 17:58:26','2025-05-19 17:58:26'),(102,'U','PEGAWAI PERUBATAN (PAKAR PERUBATAN UMUM)','2025-05-19 17:59:17','2025-05-19 17:59:17'),(103,'U','PEGAWAI PERUBATAN (PAKAR PERUBATAN DALAMAN)','2025-05-19 17:59:39','2025-05-19 17:59:39'),(104,'U','PEGAWAI PERUBATAN (PAKAR PSIKIATRI)','2025-05-19 18:00:07','2025-05-19 18:00:07'),(105,'U','PEGAWAI PERUBATAN (PAKAR RADIOLOGI)','2025-05-19 18:00:40','2025-05-19 18:00:40'),(106,'U','PEGAWAI PERUBATAN (PAKAR PERUBATAN BEDAH KANAK-KANAK)','2025-05-28 17:59:00','2025-05-28 17:59:00'),(107,'U','PEGAWAI PERUBATAN (PAKAR PERUBATAN DERMATOLOGI)','2025-05-28 18:00:04','2025-05-28 18:00:04'),(108,'U','PEGAWAI PERUBATAN (PAKAR PERUBATAN NEUROLOGI)','2025-05-28 18:00:53','2025-05-28 18:00:53'),(109,'U','PEGAWAI PERUBATAN (PAKAR PERUBATAN NEFROLOGI)','2025-05-28 18:01:20','2025-05-28 18:01:20'),(110,'U','PEGAWAI PERUBATAN (PAKAR PERUBATAN BEDAH NEURO)','2025-05-28 18:01:51','2025-05-28 18:01:51'),(111,'U','PEGAWAI PERUBATAN (PAKAR PERUBATAN BEDAH UROLOGI)','2025-05-28 18:02:19','2025-05-28 18:02:19'),(112,'U','PEGAWAI PERUBATAN (PAKAR PERUBATAN BEDAH PLASTIK)','2025-05-28 18:02:47','2025-05-28 18:02:47'),(113,'U','PEGAWAI PERUBATAN (PAKAR PERUBATAN KAJI PENYAKIT)','2025-05-28 18:03:27','2025-05-28 18:03:27'),(114,'U','PEGAWAI PERUBATAN (PAKAR PERUBATAN KAJI PENYAKIT)','2025-05-28 18:05:09','2025-05-28 18:05:09'),(115,'U','PEGAWAI PERUBATAN (PAKAR PERUBATAN KARDIOTHORASIK)','2025-05-28 18:05:41','2025-05-28 18:05:41'),(116,'U','PEGAWAI PERUBATAN (PAKAR PERUBATAN KARDIOLOGI)','2025-05-28 18:06:01','2025-05-28 18:06:01'),(117,'U','PEGAWAI PERUBATAN (PAKAR PERUBATAN TIBI)','2025-05-28 18:06:16','2025-05-28 18:06:16'),(118,'U','PEGAWAI PERUBATAN (PAKAR PERUBATAN PEMULIHAN)','2025-05-28 18:07:06','2025-05-28 18:07:06'),(119,'U','PEGAWAI PERUBATAN (PAKAR PERUBATAN KAJI DARAH)','2025-05-28 18:07:31','2025-05-28 18:07:31'),(120,'U','PEGAWAI PERUBATAN (PAKAR PERUBATAN FORENSIK)','2025-05-28 18:10:40','2025-05-28 18:10:40'),(121,'U','Pegawai Pemulihan Perubatan (Pertuturan)','2025-07-09 00:30:25','2025-07-09 00:30:25'),(122,'U','Pegawai Pemulihan Perubatan (Pendengaran)','2025-07-09 00:30:54','2025-07-09 00:30:54'),(123,'C','Pegawai Sains (Forensik)','2025-07-09 00:31:19','2025-07-09 00:31:19'),(124,'C','Pegawai Sains (Biomedikal)','2025-07-09 00:31:32','2025-07-09 00:31:32'),(125,'C','Pegawai Sains (Embriologi)','2025-07-09 00:31:45','2025-07-09 00:31:45'),(126,'S','PENOLONG PEGAWAI PEMBANGUNAN MASYARAKAT','2026-02-13 07:32:06','2026-02-13 07:32:06'),(127,'S','PENOLONG PEGAWAI SOSIAL','2026-02-13 07:32:28','2026-02-13 07:32:28'),(128,'U','PEGAWAI PERUBATAN (PAKAR PATOLOGI AM)','2026-02-17 18:21:42','2026-02-17 18:21:42'),(129,'f','f','2026-04-21 15:51:40','2026-04-21 15:51:40');
/*!40000 ALTER TABLE `jawatans` ENABLE KEYS */;
UNLOCK TABLES;

--
-- Table structure for table `job_batches`
--

DROP TABLE IF EXISTS `job_batches`;
/*!40101 SET @saved_cs_client     = @@character_set_client */;
/*!50503 SET character_set_client = utf8mb4 */;
CREATE TABLE `job_batches` (
  `id` varchar(255) COLLATE utf8mb4_unicode_ci NOT NULL,
  `name` varchar(255) COLLATE utf8mb4_unicode_ci NOT NULL,
  `total_jobs` int NOT NULL,
  `pending_jobs` int NOT NULL,
  `failed_jobs` int NOT NULL,
  `failed_job_ids` longtext COLLATE utf8mb4_unicode_ci NOT NULL,
  `options` mediumtext COLLATE utf8mb4_unicode_ci,
  `cancelled_at` int DEFAULT NULL,
  `created_at` int NOT NULL,
  `finished_at` int DEFAULT NULL,
  PRIMARY KEY (`id`)
) ENGINE=InnoDB DEFAULT CHARSET=utf8mb4 COLLATE=utf8mb4_unicode_ci;
/*!40101 SET character_set_client = @saved_cs_client */;

--
-- Dumping data for table `job_batches`
--

LOCK TABLES `job_batches` WRITE;
/*!40000 ALTER TABLE `job_batches` DISABLE KEYS */;
/*!40000 ALTER TABLE `job_batches` ENABLE KEYS */;
UNLOCK TABLES;

--
-- Table structure for table `jobs`
--

DROP TABLE IF EXISTS `jobs`;
/*!40101 SET @saved_cs_client     = @@character_set_client */;
/*!50503 SET character_set_client = utf8mb4 */;
CREATE TABLE `jobs` (
  `id` bigint unsigned NOT NULL AUTO_INCREMENT,
  `queue` varchar(255) COLLATE utf8mb4_unicode_ci NOT NULL,
  `payload` longtext COLLATE utf8mb4_unicode_ci NOT NULL,
  `attempts` tinyint unsigned NOT NULL,
  `reserved_at` int unsigned DEFAULT NULL,
  `available_at` int unsigned NOT NULL,
  `created_at` int unsigned NOT NULL,
  PRIMARY KEY (`id`),
  KEY `jobs_queue_index` (`queue`)
) ENGINE=InnoDB DEFAULT CHARSET=utf8mb4 COLLATE=utf8mb4_unicode_ci;
/*!40101 SET character_set_client = @saved_cs_client */;

--
-- Dumping data for table `jobs`
--

LOCK TABLES `jobs` WRITE;
/*!40000 ALTER TABLE `jobs` DISABLE KEYS */;
/*!40000 ALTER TABLE `jobs` ENABLE KEYS */;
UNLOCK TABLES;

--
-- Table structure for table `migrations`
--

DROP TABLE IF EXISTS `migrations`;
/*!40101 SET @saved_cs_client     = @@character_set_client */;
/*!50503 SET character_set_client = utf8mb4 */;
CREATE TABLE `migrations` (
  `id` int unsigned NOT NULL AUTO_INCREMENT,
  `migration` varchar(255) COLLATE utf8mb4_unicode_ci NOT NULL,
  `batch` int NOT NULL,
  PRIMARY KEY (`id`)
) ENGINE=InnoDB AUTO_INCREMENT=15 DEFAULT CHARSET=utf8mb4 COLLATE=utf8mb4_unicode_ci;
/*!40101 SET character_set_client = @saved_cs_client */;

--
-- Dumping data for table `migrations`
--

LOCK TABLES `migrations` WRITE;
/*!40000 ALTER TABLE `migrations` DISABLE KEYS */;
INSERT INTO `migrations` VALUES (1,'0001_01_01_000000_create_users_table',1),(2,'0001_01_01_000001_create_cache_table',1),(3,'0001_01_01_000002_create_jobs_table',1),(4,'2026_04_20_014628_add_columns_to_users_table',2),(5,'2026_04_20_020308_create_ptjs_table',2),(6,'2026_04_20_081729_create_jawatans_table',3),(7,'2026_04_21_235737_create_greds_table',4),(8,'2026_04_22_001831_create_jawatan__greds_table',5),(9,'2026_04_22_015149_create_bahagians_table',6),(10,'2026_04_22_023838_create_units_table',7),(11,'2026_04_22_034507_create_subunits_table',8),(12,'2026_04_22_034602_create_duns_table',8),(13,'2026_04_22_034921_create_parlimens_table',9),(14,'2026_04_22_070418_create_warans_table',10);
/*!40000 ALTER TABLE `migrations` ENABLE KEYS */;
UNLOCK TABLES;

--
-- Table structure for table `parlimens`
--

DROP TABLE IF EXISTS `parlimens`;
/*!40101 SET @saved_cs_client     = @@character_set_client */;
/*!50503 SET character_set_client = utf8mb4 */;
CREATE TABLE `parlimens` (
  `id` bigint unsigned NOT NULL AUTO_INCREMENT,
  `nama_parlimen` varchar(255) COLLATE utf8mb4_unicode_ci NOT NULL,
  `created_at` timestamp NULL DEFAULT NULL,
  `updated_at` timestamp NULL DEFAULT NULL,
  PRIMARY KEY (`id`)
) ENGINE=InnoDB AUTO_INCREMENT=2 DEFAULT CHARSET=utf8mb4 COLLATE=utf8mb4_unicode_ci;
/*!40101 SET character_set_client = @saved_cs_client */;

--
-- Dumping data for table `parlimens`
--

LOCK TABLES `parlimens` WRITE;
/*!40000 ALTER TABLE `parlimens` DISABLE KEYS */;
INSERT INTO `parlimens` VALUES (1,'LANGKAWI','2026-04-21 20:17:02','2026-04-21 20:17:02');
/*!40000 ALTER TABLE `parlimens` ENABLE KEYS */;
UNLOCK TABLES;

--
-- Table structure for table `password_reset_tokens`
--

DROP TABLE IF EXISTS `password_reset_tokens`;
/*!40101 SET @saved_cs_client     = @@character_set_client */;
/*!50503 SET character_set_client = utf8mb4 */;
CREATE TABLE `password_reset_tokens` (
  `email` varchar(255) COLLATE utf8mb4_unicode_ci NOT NULL,
  `token` varchar(255) COLLATE utf8mb4_unicode_ci NOT NULL,
  `created_at` timestamp NULL DEFAULT NULL,
  PRIMARY KEY (`email`)
) ENGINE=InnoDB DEFAULT CHARSET=utf8mb4 COLLATE=utf8mb4_unicode_ci;
/*!40101 SET character_set_client = @saved_cs_client */;

--
-- Dumping data for table `password_reset_tokens`
--

LOCK TABLES `password_reset_tokens` WRITE;
/*!40000 ALTER TABLE `password_reset_tokens` DISABLE KEYS */;
/*!40000 ALTER TABLE `password_reset_tokens` ENABLE KEYS */;
UNLOCK TABLES;

--
-- Table structure for table `ptjs`
--

DROP TABLE IF EXISTS `ptjs`;
/*!40101 SET @saved_cs_client     = @@character_set_client */;
/*!50503 SET character_set_client = utf8mb4 */;
CREATE TABLE `ptjs` (
  `id` bigint unsigned NOT NULL AUTO_INCREMENT,
  `nama_ptj` varchar(255) COLLATE utf8mb4_unicode_ci NOT NULL,
  `kod_ptj` int NOT NULL,
  `alamat` text COLLATE utf8mb4_unicode_ci NOT NULL,
  `pengarah` varchar(255) COLLATE utf8mb4_unicode_ci NOT NULL,
  `is_jkn` tinyint NOT NULL DEFAULT '0',
  `rujukan_surat` varchar(35) COLLATE utf8mb4_unicode_ci DEFAULT NULL,
  `created_at` timestamp NULL DEFAULT NULL,
  `updated_at` timestamp NULL DEFAULT NULL,
  PRIMARY KEY (`id`)
) ENGINE=InnoDB AUTO_INCREMENT=35 DEFAULT CHARSET=utf8mb4 COLLATE=utf8mb4_unicode_ci;
/*!40101 SET character_set_client = @saved_cs_client */;

--
-- Dumping data for table `ptjs`
--

LOCK TABLES `ptjs` WRITE;
/*!40000 ALTER TABLE `ptjs` DISABLE KEYS */;
INSERT INTO `ptjs` VALUES (1,'PEJABAT KESIHATAN PERGIGIAN DAERAH YAN',30258,'08800 Guar Chempedak Kedah','DR QUAH BENG BEE',1,'JKN/KED(S)336(11)','2025-03-24 09:42:34','2026-03-09 16:14:40'),(2,'PEJABAT KESIHATAN PERGIGIAN DAERAH KUALA MUDA/SIK',42030254,'PKPD KUALA MUDA/SIK','DR. NORIHAN BINTI ZAKARIA',1,'JKN/KED(S)336(10)','2025-05-17 17:43:22','2026-03-10 09:56:50'),(3,'PEJABAT KESIHATAN DAERAH KOTA SETAR',30901,'Blok A, Aras 1, Hospital Alor Setar, Lebuhraya Darul Aman, 05100 Alor Setar, Kedah','DR. MOHD ZUKRI BIN IBRAHIM',0,'JKN/KED(S)336(38)','2025-03-24 09:07:02','2026-04-01 09:14:40'),(4,'PEJABAT KESIHATAN DAERAH KUALA MUDA',31001,'No. 48 – 52, Jalan Banyan 1, Bukit Banyan, 08000 SUNGAI PETANI, KEDAH DARUL AMAN','DR. SUZIANA BINTI REDZUAN',0,'JKN/KED(S)336(34)','2025-03-24 09:07:53','2026-03-14 11:23:22'),(5,'PEJABAT KESIHATAN DAERAH KUBANG PASU',31101,'Kubang Pasu, 06000 Jitra, Kedah','DR. MOHD HISHAM BIN AHMAD KUSAIRI',0,'JKN/KED(S)336(24)','2025-03-24 09:18:27','2026-04-01 09:14:53'),(6,'PEJABAT KESIHATAN DAERAH PADANG TERAP',31201,'Padang Terap 06300 Kuala Nerang, Kedah','DR. ROSIDAH BINTI OMAR',0,'JKN/KED(S)336(22)','2025-03-24 09:20:57','2026-04-01 09:15:19'),(7,'PEJABAT KESIHATAN PERGIGIAN DAERAH KOTA SETAR/PENDANG',30251,'Blok Mawar Merah,\r\nLebuhraya Sultanah Bahiyah,\r\n05350 Alor Setar, Kedah','DR. SYIRAHANIZA BINTI MOHD SALLEH',1,'JKN/KED(S)336(14)','2025-03-24 09:28:09','2026-03-09 16:16:17'),(8,'PEJABAT KESIHATAN PERGIGIAN DAERAH BALING',30255,'Jalan Weng 09100 Baling Kedah','DR. IZANA BINTI ISHAK',1,'JKN/KED(S)336(9)','2025-03-24 09:28:50','2026-03-09 16:14:29'),(9,'PEJABAT KESIHATAN PERGIGIAN DAERAH KUBANG PASU',30252,'Jalan Ibrahim 06000 Jitra, Kedah','DR. HILMUN HANIM BINTI BAHARUDDIN',1,'JKN/KED(S)336(13)','2025-03-24 09:30:19','2026-03-10 09:57:44'),(10,'PEJABAT KESIHATAN PERGIGIAN DAERAH KULIM/BANDAR BAHARU',30253,'Jalan Hospital Lama\r\n09000 Kulim, Kedah','DR. LIYANA BINTI MOHD AZHAR',1,'JKN/KED(S)336(8)','2025-03-24 09:31:57','2026-03-09 16:15:44'),(11,'PEJABAT KESIHATAN PERGIGIAN DAERAH LANGKAWI',30256,'No. 20 Aras Bawah Jalan Bunga Raya 1, 07000 Kuah, Langkawi,Kedah','DR. MOHD KHAIRULANWAR BIN SABRI',0,'JKN/KED(S)336(7)','2025-03-24 09:33:38','2026-03-09 14:42:13'),(12,'PEJABAT KESIHATAN PERGIGIAN DAERAH PADANG TERAP',30257,'JALAN PEGAWAI, 06300 KUALA NERANG KEDAH','DR. NURHAYATI BINTI ABDULLAH',1,'JKN/KED(S)336(12)','2025-03-24 09:41:32','2026-03-09 16:15:26'),(13,'JABATAN KESIHATAN NEGERI KEDAH',29901,'Simpang Kuala,\r\nJalan Kuala Kedah,\r\n05400 Alor Setar,\r\nKedah Darul Aman','DR. NOR\' AISHAH BINTI ABU BAKAR',1,'JKN/KED(S)336(43)','2025-03-23 15:33:05','2026-04-01 09:13:10'),(14,'JABATAN KESIHATAN NEGERI KEDAH (VEKTOR)',49901,'Simpang Kuala,\r\nJalan Kuala Kedah,\r\n05400 Alor Setar,\r\nKedah Darul Aman','DR.ISMUNI BIN BOHARI',1,NULL,'2025-03-23 15:34:55','2025-12-10 22:32:54'),(15,'PEJABAT KESIHATAN PINTU MASUK ANTARABANGSA BUKIT KAYU HITAM',32901,'Bukit Kayu Hitam PMA Health Office, Level 2 Block C Bukit Kayu Hitam ICQS Complex','DR MOHD ZAINAL AMEER BIN OZEMAN @ AZEMAN',0,'JKN/KED(S)336(18 )','2025-03-23 15:42:06','2026-03-11 08:31:00'),(16,'PEJABAT KESIHATAN DAERAH BALING',31501,'Jln Weng\r\n09100 Baling\r\nKedah','DR. NURUL AFZAN BINTI AMINUDDIN',0,'JKN/KED(S)336(21)','2025-03-23 16:08:54','2026-03-10 09:01:55'),(17,'PEJABAT KESIHATAN DAERAH KULIM',31401,'KOMPLEKS KESIHATAN DAERAH KULIM\r\nJALAN HOSPITAL\r\n09000 KULIM\r\nKEDAH DARUL AMAN','DR. LIYANATUL NAJWA BINTI ZAKARIA',0,'JKN/KED(S)336(20)','2025-03-23 16:10:04','2026-03-10 09:01:31'),(18,'PEJABAT KESIHATAN DAERAH LANGKAWI',31301,'Tingkat 6 Kompleks LADA Langkawi, 07000 Kuah, Kedah','DR. MANSOR BIN ISMAIL',0,'JKN/KED(S)336(25)','2025-03-23 16:11:16','2026-03-10 09:10:33'),(19,'PEJABAT KESIHATAN DAERAH PENDANG',32101,'Jln Sg. Tiang, Pendang 06700 Pendang, Kedah','DR INTAN MELATI BINTI ABU BAKAR',0,'JKN/KED(S)336(26)','2025-03-23 16:12:37','2026-04-01 09:15:07'),(20,'PEJABAT KESIHATAN DAERAH SIK',32401,'PEJABAT KESIHATAN DAERAH SIK\r\nKUARTERS PENGARAH HOSPITAL SIK\r\nJALAN HOSPITAL\r\n08200 SIK\r\nKEDAH DARUL AMAN','DR. SHARUL RIZAN BIN ILIAS',0,'JKN/KED(S)336(23)','2025-03-24 08:58:45','2026-03-11 08:43:35'),(21,'PEJABAT KESIHATAN DAERAH YAN',32201,'Guar Chempedak, 08800, Yan, Kedah','DR. NOOR ATIKA BINTI AZIT',0,'JKN/KED(S)336(33)','2025-03-24 09:05:10','2026-03-14 11:23:11'),(22,'PEJABAT KESIHATAN DAERAH BANDAR BAHARU',32301,'09800 Serdang, Kedah','DR. RAKESH SINGH SANDHU A/L SHANKAR SINGH',0,'JKN/KED(S)336(19)','2025-03-24 09:06:11','2026-03-11 14:32:29'),(23,'HOSPITAL BALING',30601,'Jalan Hospital, Baling, 09100 Baling, Kedah\n\n','DR. SELVANAAYAGAM SHANMUGANATHAN',0,'JKN/KED(S)336(37)','2025-03-22 10:31:05','2026-04-20 23:41:22'),(24,'HOSPITAL JITRA',32001,'Hospital Jitra\r\nJalan Changlun, \r\n06000 Jitra,\r\nKedah Darul Aman','DR SITI NORHANI MAZRAH BINTI KHALID',0,'JKN/KED(S)336(31)','2025-03-22 10:41:19','2026-04-02 12:19:54'),(25,'HOSPITAL KUALA NERANG',32501,'Hospital Kuala Nerang\r\n06300 Kuala Nerang\r\nKedah Darul Aman','DR. NIK HIDAYATUL IZNI BINTI MOHD HATTA',0,'JKN/KED(S)336(36)','2025-03-22 14:38:16','2026-04-01 09:14:25'),(26,'HOSPITAL KULIM',30501,'Hospital Kulim,\r\nLebuh Hi-Tech,\r\n09090 Kulim,\r\nKedah Darul Aman\r\nTel : 04-4272733','Dr. Mohd Ruhaifi Bin Ali',0,'JKN/KED(S)336(30)','2025-03-22 14:39:32','2026-03-14 08:01:44'),(27,'HOSPITAL PENDANG',30163,'Hospital Pendang\r\nMukim Air Puteh\r\n06700 Pendang\r\nKedah Darul aman','Dr. Akmal Naziah binti Dato’ Haji Ahmad',0,'JKN/KED(S)336(27)','2025-03-22 14:41:08','2026-04-02 12:11:06'),(28,'HOSPITAL SIK',30801,'HOSPITAL SIK\r\nJALAN HOSPITAL, \r\n08200 SIK,\r\nKEDAH DARUL AMAN','Dr.  Paramesvaren a/l Karunagaran',0,'JKN/KED(S)336(32)','2025-03-22 14:43:02','2026-04-02 12:16:57'),(29,'HOSPITAL SULTAN ABDUL HALIM',30401,'Hospital Sultan Abdul Halim\r\nJalan Lencongan Timur, \r\nBandar Amanjaya,\r\n08000 Sungai Petani,\r\nKedah Darul Aman.','DR. MITHALI BINTI ABDULLAH@JACQULINE SAPEN',1,'JKN/KED(S)336(28)','2025-03-22 14:49:22','2026-03-14 10:38:23'),(30,'HOSPITAL SULTANAH BAHIYAH',30101,'Km 6, Jln Langgar, Bandar, 05460 Alor Setar, Kedah','DR. FAUZIAH BINTI ABDUL WAHAB',0,'JKN/KED(S)336(46)','2025-03-22 14:51:22','2026-04-01 09:13:49'),(31,'HOSPITAL SULTANAH MALIHA',30701,'Hospital Sultanah Maliha,\r\nBukit Tekuh,\r\nJalan Padang Matsirat,\r\n07000 Langkawi,\r\nKedah Darul Aman','DR. ANIZA BINTI AHMAT',0,'JKN/KED(S)336(29)','2025-03-22 15:34:22','2026-04-02 12:13:28'),(32,'HOSPITAL YAN',31901,'06900 Yan, \r\nKedah Darul Aman','DR. TENGKU NURSHAHRIL BIN TENGKU KECHIL',0,'JKN/KED(S)336(35)','2025-03-22 15:41:43','2026-04-02 12:18:07'),(33,'TEST',123456,'test','MAISARAH',1,'jkn099','2026-04-19 19:24:05','2026-04-19 19:24:05');
/*!40000 ALTER TABLE `ptjs` ENABLE KEYS */;
UNLOCK TABLES;

--
-- Table structure for table `sessions`
--

DROP TABLE IF EXISTS `sessions`;
/*!40101 SET @saved_cs_client     = @@character_set_client */;
/*!50503 SET character_set_client = utf8mb4 */;
CREATE TABLE `sessions` (
  `id` varchar(255) COLLATE utf8mb4_unicode_ci NOT NULL,
  `user_id` bigint unsigned DEFAULT NULL,
  `ip_address` varchar(45) COLLATE utf8mb4_unicode_ci DEFAULT NULL,
  `user_agent` text COLLATE utf8mb4_unicode_ci,
  `payload` longtext COLLATE utf8mb4_unicode_ci NOT NULL,
  `last_activity` int NOT NULL,
  PRIMARY KEY (`id`),
  KEY `sessions_user_id_index` (`user_id`),
  KEY `sessions_last_activity_index` (`last_activity`)
) ENGINE=InnoDB DEFAULT CHARSET=utf8mb4 COLLATE=utf8mb4_unicode_ci;
/*!40101 SET character_set_client = @saved_cs_client */;

--
-- Dumping data for table `sessions`
--

LOCK TABLES `sessions` WRITE;
/*!40000 ALTER TABLE `sessions` DISABLE KEYS */;
INSERT INTO `sessions` VALUES ('frJL0I8158AwGlrtXCrBamoeqSqnh2YiZQD2S8cK',2,'127.0.0.1','Mozilla/5.0 (Windows NT 10.0; Win64; x64) AppleWebKit/537.36 (KHTML, like Gecko) Chrome/147.0.0.0 Safari/537.36','eyJfdG9rZW4iOiJ0anR3dFVtazQ1eXdHZnVRaThlZXZJYjBSeVBqd1F6cGczM1R6dUM3IiwiX3ByZXZpb3VzIjp7InVybCI6Imh0dHBzOlwvXC9zaXN0ZW1kYXRhcGVyamF3YXRhbi50ZXN0XC9hcHBcL3dhcmFuc1wvY3JlYXRlIiwicm91dGUiOiJmaWxhbWVudC5hcHAucmVzb3VyY2VzLndhcmFucy5jcmVhdGUifSwiX2ZsYXNoIjp7Im9sZCI6W10sIm5ldyI6W119LCJsb2dpbl93ZWJfNTliYTM2YWRkYzJiMmY5NDAxNTgwZjAxNGM3ZjU4ZWE0ZTMwOTg5ZCI6MiwicGFzc3dvcmRfaGFzaF93ZWIiOiJiNmRiYjFhODE1ZGY1OGY4NmJiZGRlYjQ2MGJjZjE1ZWI5YjMyMTFkN2E1MTFjODNmYzNjNGY3YTM0MGY3NWNlIiwidGFibGVzIjp7IjdkZjc5NDg1ZjU5NDNlNWVmNDEwMzA3M2EzNTdjN2NhX2NvbHVtbnMiOlt7InR5cGUiOiJjb2x1bW4iLCJuYW1lIjoibm8iLCJsYWJlbCI6IkJpbCIsImlzSGlkZGVuIjpmYWxzZSwiaXNUb2dnbGVkIjp0cnVlLCJpc1RvZ2dsZWFibGUiOmZhbHNlLCJpc1RvZ2dsZWRIaWRkZW5CeURlZmF1bHQiOm51bGx9LHsidHlwZSI6ImNvbHVtbiIsIm5hbWUiOiJkZXNjX2phd2F0YW4iLCJsYWJlbCI6Ikphd2F0YW4iLCJpc0hpZGRlbiI6ZmFsc2UsImlzVG9nZ2xlZCI6dHJ1ZSwiaXNUb2dnbGVhYmxlIjpmYWxzZSwiaXNUb2dnbGVkSGlkZGVuQnlEZWZhdWx0IjpudWxsfSx7InR5cGUiOiJjb2x1bW4iLCJuYW1lIjoia29kX2phd2F0YW4iLCJsYWJlbCI6IktvZCBKYXdhdGFuIiwiaXNIaWRkZW4iOmZhbHNlLCJpc1RvZ2dsZWQiOnRydWUsImlzVG9nZ2xlYWJsZSI6ZmFsc2UsImlzVG9nZ2xlZEhpZGRlbkJ5RGVmYXVsdCI6bnVsbH0seyJ0eXBlIjoiY29sdW1uIiwibmFtZSI6ImdyZWRzLmtvZF9ncmVkIiwibGFiZWwiOiJHcmVkIiwiaXNIaWRkZW4iOmZhbHNlLCJpc1RvZ2dsZWQiOnRydWUsImlzVG9nZ2xlYWJsZSI6ZmFsc2UsImlzVG9nZ2xlZEhpZGRlbkJ5RGVmYXVsdCI6bnVsbH1dLCJhYTI4OTVlYmY5YWVjZDBmMjcyMGIyZGE4YjBmMDJkMV9jb2x1bW5zIjpbeyJ0eXBlIjoiY29sdW1uIiwibmFtZSI6Im5vIiwibGFiZWwiOiJCaWwiLCJpc0hpZGRlbiI6ZmFsc2UsImlzVG9nZ2xlZCI6dHJ1ZSwiaXNUb2dnbGVhYmxlIjpmYWxzZSwiaXNUb2dnbGVkSGlkZGVuQnlEZWZhdWx0IjpudWxsfSx7InR5cGUiOiJjb2x1bW4iLCJuYW1lIjoia29kX2dyZWQiLCJsYWJlbCI6IktvZCIsImlzSGlkZGVuIjpmYWxzZSwiaXNUb2dnbGVkIjp0cnVlLCJpc1RvZ2dsZWFibGUiOmZhbHNlLCJpc1RvZ2dsZWRIaWRkZW5CeURlZmF1bHQiOm51bGx9LHsidHlwZSI6ImNvbHVtbiIsIm5hbWUiOiJkZXNjX2dyZWQiLCJsYWJlbCI6IkdyZWQiLCJpc0hpZGRlbiI6ZmFsc2UsImlzVG9nZ2xlZCI6dHJ1ZSwiaXNUb2dnbGVhYmxlIjpmYWxzZSwiaXNUb2dnbGVkSGlkZGVuQnlEZWZhdWx0IjpudWxsfV0sIjMwNjQ0NDQzMTFlYzA2NzNmOTA5MDAyZTA0ZmZiYzY0X2NvbHVtbnMiOlt7InR5cGUiOiJjb2x1bW4iLCJuYW1lIjoibm8iLCJsYWJlbCI6IkJpbCIsImlzSGlkZGVuIjpmYWxzZSwiaXNUb2dnbGVkIjp0cnVlLCJpc1RvZ2dsZWFibGUiOmZhbHNlLCJpc1RvZ2dsZWRIaWRkZW5CeURlZmF1bHQiOm51bGx9LHsidHlwZSI6ImNvbHVtbiIsIm5hbWUiOiJqYXdhdGFuLmRlc2NfamF3YXRhbiIsImxhYmVsIjoiSmF3YXRhbiIsImlzSGlkZGVuIjpmYWxzZSwiaXNUb2dnbGVkIjp0cnVlLCJpc1RvZ2dsZWFibGUiOmZhbHNlLCJpc1RvZ2dsZWRIaWRkZW5CeURlZmF1bHQiOm51bGx9XSwiZmFjZTFlYzA3Yjc0ZGM2YTdlYWZjN2I2MTBmYWQwMDhfY29sdW1ucyI6W3sidHlwZSI6ImNvbHVtbiIsIm5hbWUiOiJubyIsImxhYmVsIjoiTm8iLCJpc0hpZGRlbiI6ZmFsc2UsImlzVG9nZ2xlZCI6dHJ1ZSwiaXNUb2dnbGVhYmxlIjpmYWxzZSwiaXNUb2dnbGVkSGlkZGVuQnlEZWZhdWx0IjpudWxsfSx7InR5cGUiOiJjb2x1bW4iLCJuYW1lIjoibmFtYV9wdGoiLCJsYWJlbCI6Ik5hbWEgUFRKIiwiaXNIaWRkZW4iOmZhbHNlLCJpc1RvZ2dsZWQiOnRydWUsImlzVG9nZ2xlYWJsZSI6ZmFsc2UsImlzVG9nZ2xlZEhpZGRlbkJ5RGVmYXVsdCI6bnVsbH0seyJ0eXBlIjoiY29sdW1uIiwibmFtZSI6ImtvZF9wdGoiLCJsYWJlbCI6IktvZCBQVEoiLCJpc0hpZGRlbiI6ZmFsc2UsImlzVG9nZ2xlZCI6dHJ1ZSwiaXNUb2dnbGVhYmxlIjpmYWxzZSwiaXNUb2dnbGVkSGlkZGVuQnlEZWZhdWx0IjpudWxsfSx7InR5cGUiOiJjb2x1bW4iLCJuYW1lIjoicGVuZ2FyYWgiLCJsYWJlbCI6IlBlbmdhcmFoIiwiaXNIaWRkZW4iOmZhbHNlLCJpc1RvZ2dsZWQiOnRydWUsImlzVG9nZ2xlYWJsZSI6ZmFsc2UsImlzVG9nZ2xlZEhpZGRlbkJ5RGVmYXVsdCI6bnVsbH1dLCI1ZTY1ODZhYzIxOTYxNjE0NGNmNDdlMjcwZDY1Y2ZmM19jb2x1bW5zIjpbeyJ0eXBlIjoiY29sdW1uIiwibmFtZSI6Im5vIiwibGFiZWwiOiJCaWwiLCJpc0hpZGRlbiI6ZmFsc2UsImlzVG9nZ2xlZCI6dHJ1ZSwiaXNUb2dnbGVhYmxlIjpmYWxzZSwiaXNUb2dnbGVkSGlkZGVuQnlEZWZhdWx0IjpudWxsfSx7InR5cGUiOiJjb2x1bW4iLCJuYW1lIjoicHRqLm5hbWFfcHRqIiwibGFiZWwiOiJQVEoiLCJpc0hpZGRlbiI6ZmFsc2UsImlzVG9nZ2xlZCI6dHJ1ZSwiaXNUb2dnbGVhYmxlIjpmYWxzZSwiaXNUb2dnbGVkSGlkZGVuQnlEZWZhdWx0IjpudWxsfSx7InR5cGUiOiJjb2x1bW4iLCJuYW1lIjoibmFtYV9iYWhhZ2lhbiIsImxhYmVsIjoiQmFoYWdpYW4iLCJpc0hpZGRlbiI6ZmFsc2UsImlzVG9nZ2xlZCI6dHJ1ZSwiaXNUb2dnbGVhYmxlIjpmYWxzZSwiaXNUb2dnbGVkSGlkZGVuQnlEZWZhdWx0IjpudWxsfSx7InR5cGUiOiJjb2x1bW4iLCJuYW1lIjoidW5pdHMubmFtYV91bml0IiwibGFiZWwiOiJVbml0IiwiaXNIaWRkZW4iOmZhbHNlLCJpc1RvZ2dsZWQiOnRydWUsImlzVG9nZ2xlYWJsZSI6ZmFsc2UsImlzVG9nZ2xlZEhpZGRlbkJ5RGVmYXVsdCI6bnVsbH1dLCIwMDNkZjBjOGI3MzBiMDE0Y2ZhNWFhMzJhMjQyYzg4Nl9jb2x1bW5zIjpbeyJ0eXBlIjoiY29sdW1uIiwibmFtZSI6Im5vIiwibGFiZWwiOiJCaWwiLCJpc0hpZGRlbiI6ZmFsc2UsImlzVG9nZ2xlZCI6dHJ1ZSwiaXNUb2dnbGVhYmxlIjpmYWxzZSwiaXNUb2dnbGVkSGlkZGVuQnlEZWZhdWx0IjpudWxsfSx7InR5cGUiOiJjb2x1bW4iLCJuYW1lIjoiYmFoYWdpYW4ubmFtYV9iYWhhZ2lhbiIsImxhYmVsIjoiQmFoYWdpYW4iLCJpc0hpZGRlbiI6ZmFsc2UsImlzVG9nZ2xlZCI6dHJ1ZSwiaXNUb2dnbGVhYmxlIjpmYWxzZSwiaXNUb2dnbGVkSGlkZGVuQnlEZWZhdWx0IjpudWxsfSx7InR5cGUiOiJjb2x1bW4iLCJuYW1lIjoibmFtYV91bml0IiwibGFiZWwiOiJVbml0IiwiaXNIaWRkZW4iOmZhbHNlLCJpc1RvZ2dsZWQiOnRydWUsImlzVG9nZ2xlYWJsZSI6ZmFsc2UsImlzVG9nZ2xlZEhpZGRlbkJ5RGVmYXVsdCI6bnVsbH1dLCIxN2RmNjhlZjk3NjFlNzJkNmZlNTRiZjM3NTFlZTdmN19jb2x1bW5zIjpbeyJ0eXBlIjoiY29sdW1uIiwibmFtZSI6Im5vIiwibGFiZWwiOiJCaWwiLCJpc0hpZGRlbiI6ZmFsc2UsImlzVG9nZ2xlZCI6dHJ1ZSwiaXNUb2dnbGVhYmxlIjpmYWxzZSwiaXNUb2dnbGVkSGlkZGVuQnlEZWZhdWx0IjpudWxsfSx7InR5cGUiOiJjb2x1bW4iLCJuYW1lIjoibmFtYV9wYXJsaW1lbiIsImxhYmVsIjoiUGFybGltZW4iLCJpc0hpZGRlbiI6ZmFsc2UsImlzVG9nZ2xlZCI6dHJ1ZSwiaXNUb2dnbGVhYmxlIjpmYWxzZSwiaXNUb2dnbGVkSGlkZGVuQnlEZWZhdWx0IjpudWxsfSx7InR5cGUiOiJjb2x1bW4iLCJuYW1lIjoiZHVucy5uYW1hX2R1biIsImxhYmVsIjoiRHVuIiwiaXNIaWRkZW4iOmZhbHNlLCJpc1RvZ2dsZWQiOnRydWUsImlzVG9nZ2xlYWJsZSI6ZmFsc2UsImlzVG9nZ2xlZEhpZGRlbkJ5RGVmYXVsdCI6bnVsbH1dLCJkZDQ1NTdkMzBhODdkMTJjNWU2NWIxMTM4NGIzZWY2Ml9jb2x1bW5zIjpbeyJ0eXBlIjoiY29sdW1uIiwibmFtZSI6Im5vIiwibGFiZWwiOiJCaWwiLCJpc0hpZGRlbiI6ZmFsc2UsImlzVG9nZ2xlZCI6dHJ1ZSwiaXNUb2dnbGVhYmxlIjpmYWxzZSwiaXNUb2dnbGVkSGlkZGVuQnlEZWZhdWx0IjpudWxsfSx7InR5cGUiOiJjb2x1bW4iLCJuYW1lIjoidW5pdC5uYW1hX3VuaXQiLCJsYWJlbCI6IlVuaXQiLCJpc0hpZGRlbiI6ZmFsc2UsImlzVG9nZ2xlZCI6dHJ1ZSwiaXNUb2dnbGVhYmxlIjpmYWxzZSwiaXNUb2dnbGVkSGlkZGVuQnlEZWZhdWx0IjpudWxsfSx7InR5cGUiOiJjb2x1bW4iLCJuYW1lIjoibmFtYV9zdWJ1bml0IiwibGFiZWwiOiJTdWIgVW5pdCIsImlzSGlkZGVuIjpmYWxzZSwiaXNUb2dnbGVkIjp0cnVlLCJpc1RvZ2dsZWFibGUiOmZhbHNlLCJpc1RvZ2dsZWRIaWRkZW5CeURlZmF1bHQiOm51bGx9LHsidHlwZSI6ImNvbHVtbiIsIm5hbWUiOiJkdW4ubmFtYV9kdW4iLCJsYWJlbCI6IkR1biIsImlzSGlkZGVuIjpmYWxzZSwiaXNUb2dnbGVkIjp0cnVlLCJpc1RvZ2dsZWFibGUiOmZhbHNlLCJpc1RvZ2dsZWRIaWRkZW5CeURlZmF1bHQiOm51bGx9XSwiOTkwY2FiYzc3YzQzOTVkODliMDI4ODdhMWIxN2Y4ODVfY29sdW1ucyI6W119LCJmaWxhbWVudCI6W119',1776844453);
/*!40000 ALTER TABLE `sessions` ENABLE KEYS */;
UNLOCK TABLES;

--
-- Table structure for table `subunits`
--

DROP TABLE IF EXISTS `subunits`;
/*!40101 SET @saved_cs_client     = @@character_set_client */;
/*!50503 SET character_set_client = utf8mb4 */;
CREATE TABLE `subunits` (
  `id` bigint unsigned NOT NULL AUTO_INCREMENT,
  `unit_id` int NOT NULL,
  `dun_id` int NOT NULL,
  `nama_subunit` varchar(255) COLLATE utf8mb4_unicode_ci NOT NULL,
  `created_at` timestamp NULL DEFAULT NULL,
  `updated_at` timestamp NULL DEFAULT NULL,
  PRIMARY KEY (`id`)
) ENGINE=InnoDB AUTO_INCREMENT=3 DEFAULT CHARSET=utf8mb4 COLLATE=utf8mb4_unicode_ci;
/*!40101 SET character_set_client = @saved_cs_client */;

--
-- Dumping data for table `subunits`
--

LOCK TABLES `subunits` WRITE;
/*!40000 ALTER TABLE `subunits` DISABLE KEYS */;
INSERT INTO `subunits` VALUES (1,4,2,'PENGURUSAN STRATEGIK ICT','2026-04-21 22:32:55','2026-04-21 22:32:55'),(2,4,2,'RANGKAIAN & KESELAMATAN ICT','2026-04-21 22:40:41','2026-04-21 22:40:41');
/*!40000 ALTER TABLE `subunits` ENABLE KEYS */;
UNLOCK TABLES;

--
-- Table structure for table `units`
--

DROP TABLE IF EXISTS `units`;
/*!40101 SET @saved_cs_client     = @@character_set_client */;
/*!50503 SET character_set_client = utf8mb4 */;
CREATE TABLE `units` (
  `id` bigint unsigned NOT NULL AUTO_INCREMENT,
  `bahagian_id` int NOT NULL,
  `nama_unit` varchar(255) COLLATE utf8mb4_unicode_ci NOT NULL,
  `created_at` timestamp NULL DEFAULT NULL,
  `updated_at` timestamp NULL DEFAULT NULL,
  PRIMARY KEY (`id`)
) ENGINE=InnoDB AUTO_INCREMENT=5 DEFAULT CHARSET=utf8mb4 COLLATE=utf8mb4_unicode_ci;
/*!40101 SET character_set_client = @saved_cs_client */;

--
-- Dumping data for table `units`
--

LOCK TABLES `units` WRITE;
/*!40000 ALTER TABLE `units` DISABLE KEYS */;
INSERT INTO `units` VALUES (2,2,'UNIT SUMBER MANUSIA','2026-04-21 18:55:13','2026-04-21 18:55:13'),(4,2,'UNIT PENGURUSAN MAKLUMAT','2026-04-21 20:42:49','2026-04-21 20:42:49');
/*!40000 ALTER TABLE `units` ENABLE KEYS */;
UNLOCK TABLES;

--
-- Table structure for table `users`
--

DROP TABLE IF EXISTS `users`;
/*!40101 SET @saved_cs_client     = @@character_set_client */;
/*!50503 SET character_set_client = utf8mb4 */;
CREATE TABLE `users` (
  `id` bigint unsigned NOT NULL AUTO_INCREMENT,
  `name` varchar(255) COLLATE utf8mb4_unicode_ci NOT NULL,
  `ptj_id` int NOT NULL,
  `email` varchar(255) COLLATE utf8mb4_unicode_ci NOT NULL,
  `email_verified_at` timestamp NULL DEFAULT NULL,
  `password` varchar(255) COLLATE utf8mb4_unicode_ci NOT NULL,
  `remember_token` varchar(100) COLLATE utf8mb4_unicode_ci DEFAULT NULL,
  `created_at` timestamp NULL DEFAULT NULL,
  `updated_at` timestamp NULL DEFAULT NULL,
  `nokp` varchar(255) COLLATE utf8mb4_unicode_ci NOT NULL,
  `phone_number` varchar(255) COLLATE utf8mb4_unicode_ci NOT NULL,
  `status` tinyint(1) NOT NULL DEFAULT '1',
  `role` int NOT NULL,
  PRIMARY KEY (`id`),
  UNIQUE KEY `users_email_unique` (`email`)
) ENGINE=InnoDB AUTO_INCREMENT=5 DEFAULT CHARSET=utf8mb4 COLLATE=utf8mb4_unicode_ci;
/*!40101 SET character_set_client = @saved_cs_client */;

--
-- Dumping data for table `users`
--

LOCK TABLES `users` WRITE;
/*!40000 ALTER TABLE `users` DISABLE KEYS */;
INSERT INTO `users` VALUES (1,'ADMIN2',13,'admin@gmail.com',NULL,'$2y$12$B/37sp4IKSTao5WVJw67yu3Jm3GLFsR1XGWeTXblLLa5cdF1IcB9i',NULL,'2026-04-19 17:43:21','2026-04-19 23:25:10','010101020365','0125511072',1,2),(2,'Superadmin',13,'superadmin@gmail.com',NULL,'$2y$12$LWVuFL2d5QR8.m1d1iXWOenw4cuujfG9gsrXXWreHk5g6DlxKcGjS',NULL,'2026-04-19 20:15:20','2026-04-19 20:15:20','020822090278','01161404157',1,1),(3,'User',4,'user@gmail.com',NULL,'$2y$12$GqM8IUyoXIosoxbp9QthputdevrDBoJvM0R1vMAtb8SBqlL/ccyrO',NULL,'2026-04-19 20:15:20','2026-04-19 20:15:20','020822090279','01161404159',1,3),(4,'NURMAISARAH BINTI SUZAIMEE',25,'nmaisarah2208@gmail.com',NULL,'$2y$12$Zdhk4F.IyRZq6fNQL9ZQNOHFI.ROySRd9lssazxMGwXwB7tiu4aG.',NULL,'2026-04-19 23:13:28','2026-04-19 23:13:28','020822090270','01161404157',1,3);
/*!40000 ALTER TABLE `users` ENABLE KEYS */;
UNLOCK TABLES;

--
-- Table structure for table `warans`
--

DROP TABLE IF EXISTS `warans`;
/*!40101 SET @saved_cs_client     = @@character_set_client */;
/*!50503 SET character_set_client = utf8mb4 */;
CREATE TABLE `warans` (
  `id` bigint unsigned NOT NULL AUTO_INCREMENT,
  `no_waran` varchar(100) COLLATE utf8mb4_unicode_ci NOT NULL,
  `puncakuasa` varchar(10) COLLATE utf8mb4_unicode_ci NOT NULL,
  `jik` int NOT NULL,
  `catatan` text COLLATE utf8mb4_unicode_ci NOT NULL,
  `created_at` timestamp NULL DEFAULT NULL,
  `updated_at` timestamp NULL DEFAULT NULL,
  PRIMARY KEY (`id`)
) ENGINE=InnoDB DEFAULT CHARSET=utf8mb4 COLLATE=utf8mb4_unicode_ci;
/*!40101 SET character_set_client = @saved_cs_client */;

--
-- Dumping data for table `warans`
--

LOCK TABLES `warans` WRITE;
/*!40000 ALTER TABLE `warans` DISABLE KEYS */;
/*!40000 ALTER TABLE `warans` ENABLE KEYS */;
UNLOCK TABLES;

--
-- Dumping routines for database 'sdperjawatan'
--
/*!40103 SET TIME_ZONE=@OLD_TIME_ZONE */;

/*!40101 SET SQL_MODE=@OLD_SQL_MODE */;
/*!40014 SET FOREIGN_KEY_CHECKS=@OLD_FOREIGN_KEY_CHECKS */;
/*!40014 SET UNIQUE_CHECKS=@OLD_UNIQUE_CHECKS */;
/*!40101 SET CHARACTER_SET_CLIENT=@OLD_CHARACTER_SET_CLIENT */;
/*!40101 SET CHARACTER_SET_RESULTS=@OLD_CHARACTER_SET_RESULTS */;
/*!40101 SET COLLATION_CONNECTION=@OLD_COLLATION_CONNECTION */;
/*!40111 SET SQL_NOTES=@OLD_SQL_NOTES */;

-- Dump completed on 2026-04-22 16:39:00
